Abdelkarim Elamaoui;U096FLPF2H5
Abdoul Bagui Boubakari;U051G7DBM51
Abrahim Ba matraf;U092JLKUU4V
Alison;U092CGS9R44
Alvin SODJI;U06D7CLAURF
Amina;U092NPJDCG4
Anais Sisserian;U04RTPMVASW
Andrea Bardin-Renucci;U0913SZ2KG9
Andres Numpaque;U08L9RK9A3E
Antoine Fleury;U05PDBT35KR
Antoine Lacour;U092BRKDADD
Arthur;U092LLRHBLL
Bo Jiang;U036KN186PJ
camillerollin;U01HWUH8SF3
Chaima Lachiheb;U09143RK4G1
Charles LEFORT;U04TY9Q3M4M
Chemseddine Berkane;U096M2Y4746
Clément Horowitz;U03E6TW98G6
Daba Diop;U031B1KQ3F0
David Ongono;U08L9KJ7MGU
Deborah Jaoui;U08Q25V5XC5
edouardberre;UGVSWHECE
Elena moiseeva;U03HG4EV56F
Elhadji Ousseynou SAMBE;U06GZNJSV1C
Elisa;U0929K6CTQD
Eva Pernice;U053HC3NEJF
Eyllis REGNIAUD;U06TWHM1G4X
Farzaneh;U0926QSEASK
Fatima Zahraa BOUZIDI;U06CV4N7XNW
Florent Coué;U051GBBHTH8
François Graffin;U01G3E9603Z
Gabriel Eyheramendy;U092EGGM71U
Gladys Nonkam;U03CNRETCRK
Grégory Le Roux;U08VBUR7ZHP
Guillaume Dacquay;U0982LLRPDK
guillaumebac;URYF8B1DX
gwladysa;U092BB7AJ3C
Héloïse DESNEUX;U05SJQ4LQ4W
Jean Machat;U08KYUSP4KX
Jean-Baptiste Paquien;U02H0U66Z7A
Jessim Bedjeguelal;U0942LRV4KT
Josselyn DUFAUT;U06LL11LUN6
Julia Toitot;U03HUPK9RMF
Julien Bruneau;U090Y0Y9FTQ
Julien Lagny;U092Z8QFBT3
Juliette Lalbaltry Perthu;U08PW5YSRE2
Juliette Martin;U099EV7JH7A
Kevin Xaysakda;U08V1EBBKQC
kyradanielczok;U02G8957RDK
Laetitia Kattic;U091WGWQ4ET
Lou Laroche;U092E7Y1P54
Léni Bekhechi;U02G4GMDL6A
Magalie Métairie;U08SKBLLY23
Mame-Diarra Toure;U043A2EMJL9
Marc Lalo;U092ZH76Q1F
Marceau Weber;U08K3P7EED8
Marie;U0929AGM05S
mathieu duban;U0926H4UAJH
Mathis Jean;U06EXBEUK1N
Matthieu Nowak;U078G4N5VSQ
Maud;U092Q1G2GFK
Maxime Perthu;U0G5HK1CG
Meriem Aguisoul;U08L076N52S
Myriam Lopez;U092E91V84W
Nadia Dassalm;U0973J40HQR
Naomi Libraty;U08G1R0F97V
Newton Helen Kondjo;U08KL8KPDFH
Nicolas Bonnet-Eymard;U0927CQM963
Nihel BOUMELIK;U05CHLU95F0
Nina Roig;U06U3L;
Paul Fudal;U092411QN11
Pauline;U092L67654J
Pederiva Christophe;U092AQ27P6G
Quentin Enard;U0926HSMYR3
Rayhane EL HACHMI;U072Q3C0U3Z
Robin Navarro;U092DFVTR7V
Roy Sahakyan;U08CX4LTH17
Sandra Menendez;U093F6GEJAF
Sarah Charbonnier;U0924QEFPPY
Sarah Charles;U092AUL6TTL
Sarah Hakka;U097CEBS43A
Seraphin;U092Q2XUF17
Sofiane BOULAHRISS;U05RHLLB316
Sylvain Remiro;U0929SMBPQV
Sévak Hovakimian;U042XCKN4JE
Thibaud;U092X93697F
Théo;U096KUF1X27
Théophile Mehdi--Dervillé;U06LNEL8AJ0
Vincent Jottreau;U08V5EAH8RH
Widad Mahfoud;U091WD59D47
Xander Bellal;U096N8U8JFP
Xavier Guilloton;U01LWTUTZ6Z
Yann;U092LP1PYQ4
Yasmina Mohama;U08JYQJ2N2H
Youssef Zaoui;U0907TEDJ0Y
Zakaria Ghorab;U090SLTNF1A
Zoé;U091T31R4BU